ASIN,Title,Price
B07H1GJZMP,SKF,639
B00DBOXLW6,SKF,265
B07H88MND1,Ball Bearing 6206-2RS1 Rubber Shield Bearing Deep Groove Ball Bearing Dimension 30x62x16,310
B07H889LJK,Ball Bearing 6302 Non Shield Bearing Deep Groove Ball Bearing Dimension 15x42x13,225
B0765QBPKS,SKF,560
B08WK3N1C3,Ball Bearing 6208-2RS1 Rubber Shield Bearing Deep Groove Ball Bearing Dimension 40x80x18,678
B07H1DV981,SKF,397
B015WZAQ9C,SKF,630
B08JCCPV6F,Skf 608-2Z deep groove ball bearing pack of 1,500
B079P3GCSP,"Pillow Ball Bearing, UCP205",200
B00DBOSQSK,SKF,"3,500"
B07H88N4YB,Ball Bearing 6305 Non Shield Bearing Deep Groove Ball Bearing Dimension 25x62x17…,368
B000W9IM9U,NTN,690
B0DJLT9N1F,SKF,355
B00DBOCDFC,SKF,"1,900"
B007VGN1KW,SKF,
B08JD7B1VY,Skf 30211 J2/Q SKF Tapered roller bearing pack of 1,390
B0713NB385,Generic,"2,000"
B00FG7BTSO,SKF,
B0DPMV2VGT,SKF,
B007VG8FIA,SKF,490
B004AGWJDG,SKF,"12,166"
B0B6G88CSB,SKF 6205-2Z by epple store,
B00LNVSWZA,SKF,"14,744"
B01B50FZ76,SKF,
B004J915YI,SKF,"29,880"
B0FPMTNW5S,Spocket bearing 6004-2RS Bearing (1pc) suitable for fz ...Rubber sealed,170
B000EM0E6Y,SKF,"5,578"
B08WK4JHFC,Ball Bearing 6309-2Z Steel Shield Bearing Deep Groove Ball Bearing Dimension 45x100X25,"1,310"
B00D0III8K,SKF,"21,869"
B07KFHRH72,SKF,
B07BBKF6BK,UCT205 HRB PILLOW BALL BEARING,156
B000ELY8QC,SKF,"19,906"
B017F4TE00,6203-2RS SKF Brand Rubber Seals Bearing 6203-rs Ball Bearings 6203 rs,
B079RCKFXQ,Pillow Ball Bearing UCF206,273
B00DBOYMBU,SKF,"2,800"
B000ELW64I,SKF,"15,739"
B0B6G724ZN,"SKF Ball Bearing, 6210-2Z, Alloy Steel, Deep Groove, Grease Lubricant",
B08S55KVZ5,"1 PCS SKF 6904 2RS1 Rubber Seals Ball Bearing NTN, NSK 61904","7,000"
B000ELW7WE,SKF,"5,540"
B00TL6TFRI,SKF,"18,183"
B018ITRTJ4,SKF,440
B00HMR3YAW,6208-2RS C3 SKF Brand Rubber Seal Ball Bearing 40x80x18 6208 2RS 6208RS,"7,832"
B00DBOQHPE,SKF,
B0DLWTSTL5,SKF,870
B0BW5VF5GM,SKF 6007-2RS 35X62X14mm Double Rubber Sealed Pressed Steel Cage Bearings,"4,700"
B00P4AVBBS,JSB Great Bearings,"3,548"
B000EYFHQE,SKF,"19,353"
ASIN,Title,Price,Rating,Reviews,Product_Link
B07H1GJZMP,SKF,639,4.6 out of 5 stars,M.R.P: ,https://www.amazon.in/s?k=skf+bearing
B00DBOXLW6,SKF,265,4.1 out of 5 stars,M.R.P: ,https://www.amazon.in/s?k=skf+bearing
B07H88MND1,Ball Bearing 6206-2RS1 Rubber Shield Bearing Deep Groove Ball Bearing Dimension 30x62x16,310,4.4 out of 5 stars,M.R.P: ,https://www.amazon.in/s?k=skf+bearing
B07H889LJK,Ball Bearing 6302 Non Shield Bearing Deep Groove Ball Bearing Dimension 15x42x13,225,,M.R.P: ,https://www.amazon.in/s?k=skf+bearing
B0765QBPKS,SKF,560,,M.R.P: ,https://www.amazon.in/s?k=skf+bearing
B07H1DV981,SKF,397,5.0 out of 5 stars,M.R.P: ,https://www.amazon.in/s?k=skf+bearing
B08WK3N1C3,Ball Bearing 6208-2RS1 Rubber Shield Bearing Deep Groove Ball Bearing Dimension 40x80x18,678,5.0 out of 5 stars,M.R.P: ,https://www.amazon.in/s?k=skf+bearing
B015WZAQ9C,SKF,630,3.0 out of 5 stars,,https://www.amazon.in/s?k=skf+bearing
B08JCCPV6F,Skf 608-2Z deep groove ball bearing pack of 1,500,5.0 out of 5 stars,M.R.P: ,https://www.amazon.in/s?k=skf+bearing
B079P3GCSP,"Pillow Ball Bearing, UCP205",200,4.1 out of 5 stars,M.R.P: ,https://www.amazon.in/s?k=skf+bearing
B00DBOSQSK,SKF,"3,500",,M.R.P: ,https://www.amazon.in/s?k=skf+bearing
B07H88N4YB,Ball Bearing 6305 Non Shield Bearing Deep Groove Ball Bearing Dimension 25x62x17…,368,5.0 out of 5 stars,M.R.P: ,https://www.amazon.in/s?k=skf+bearing
B000W9IM9U,NTN,690,4.2 out of 5 stars,Only 1 left in stock.,https://www.amazon.in/s?k=skf+bearing
B0DJLT9N1F,SKF,355,,(,https://www.amazon.in/s?k=skf+bearing
B007VGN1KW,SKF,,4.6 out of 5 stars,No featured offers available,https://www.amazon.in/s?k=skf+bearing
B00DBOCDFC,SKF,"1,900",4.7 out of 5 stars,M.R.P: ,https://www.amazon.in/s?k=skf+bearing
B08JD7B1VY,Skf 30211 J2/Q SKF Tapered roller bearing pack of 1,390,,M.R.P: ,https://www.amazon.in/s?k=skf+bearing
B0DPMV2VGT,SKF,,,No featured offers available,https://www.amazon.in/s?k=skf+bearing
B00FG7BTSO,SKF,,4.1 out of 5 stars,No featured offers available,https://www.amazon.in/s?k=skf+bearing
B0713NB385,Generic,"2,000",3.0 out of 5 stars,(,https://www.amazon.in/s?k=skf+bearing
B007VG8FIA,SKF,490,5.0 out of 5 stars,M.R.P: ,https://www.amazon.in/s?k=skf+bearing
B0B6G88CSB,SKF 6205-2Z by epple store,,5.0 out of 5 stars,No featured offers available,https://www.amazon.in/s?k=skf+bearing
B004AGWJDG,SKF,"12,166",4.4 out of 5 stars,,https://www.amazon.in/s?k=skf+bearing
B01B50FZ76,SKF,,4.0 out of 5 stars,No featured offers available,https://www.amazon.in/s?k=skf+bearing
B00LNVSWZA,SKF,"14,744",,M.R.P: ,https://www.amazon.in/s?k=skf+bearing
B0FPMTNW5S,Spocket bearing 6004-2RS Bearing (1pc) suitable for fz ...Rubber sealed,170,,M.R.P: ,https://www.amazon.in/s?k=skf+bearing
B004J915YI,SKF,"29,880",,M.R.P: ,https://www.amazon.in/s?k=skf+bearing
B000EM0E6Y,SKF,"5,578",,M.R.P: ,https://www.amazon.in/s?k=skf+bearing
B08WK4JHFC,Ball Bearing 6309-2Z Steel Shield Bearing Deep Groove Ball Bearing Dimension 45x100X25,"1,310",,M.R.P: ,https://www.amazon.in/s?k=skf+bearing
B07KFHRH72,SKF,,3.7 out of 5 stars,No featured offers available,https://www.amazon.in/s?k=skf+bearing
B00D0III8K,SKF,"21,869",,M.R.P: ,https://www.amazon.in/s?k=skf+bearing
B07BBKF6BK,UCT205 HRB PILLOW BALL BEARING,156,3.2 out of 5 stars,M.R.P: ,https://www.amazon.in/s?k=skf+bearing
B017F4TE00,6203-2RS SKF Brand Rubber Seals Bearing 6203-rs Ball Bearings 6203 rs,,4.1 out of 5 stars,No featured offers available,https://www.amazon.in/s?k=skf+bearing
B079RCKFXQ,Pillow Ball Bearing UCF206,273,3.8 out of 5 stars,M.R.P: ,https://www.amazon.in/s?k=skf+bearing
B000ELY8QC,SKF,"19,906",3.8 out of 5 stars,M.R.P: ,https://www.amazon.in/s?k=skf+bearing
B00DBOYMBU,SKF,"2,800",4.9 out of 5 stars,M.R.P: ,https://www.amazon.in/s?k=skf+bearing
B000ELW64I,SKF,"15,739",2.5 out of 5 stars,M.R.P: ,https://www.amazon.in/s?k=skf+bearing
B0B6G724ZN,"SKF Ball Bearing, 6210-2Z, Alloy Steel, Deep Groove, Grease Lubricant",,5.0 out of 5 stars,No featured offers available,https://www.amazon.in/s?k=skf+bearing
B08S55KVZ5,"1 PCS SKF 6904 2RS1 Rubber Seals Ball Bearing NTN, NSK 61904","7,000",5.0 out of 5 stars,M.R.P: ,https://www.amazon.in/s?k=skf+bearing
B000ELW7WE,SKF,"5,490",3.8 out of 5 stars,,https://www.amazon.in/s?k=skf+bearing
B018ITRTJ4,SKF,440,,M.R.P: ,https://www.amazon.in/s?k=skf+bearing
B00TL6TFRI,SKF,"18,183",3.1 out of 5 stars,M.R.P: ,https://www.amazon.in/s?k=skf+bearing
B00HMR3YAW,6208-2RS C3 SKF Brand Rubber Seal Ball Bearing 40x80x18 6208 2RS 6208RS,"7,832",5.0 out of 5 stars,M.R.P: ,https://www.amazon.in/s?k=skf+bearing
B00DBOQHPE,SKF,,,No featured offers available,https://www.amazon.in/s?k=skf+bearing
B0DLWTSTL5,SKF,870,,(,https://www.amazon.in/s?k=skf+bearing
B0BW5VF5GM,SKF 6007-2RS 35X62X14mm Double Rubber Sealed Pressed Steel Cage Bearings,"4,700",,M.R.P: ,https://www.amazon.in/s?k=skf+bearing
B00P4AVBBS,JSB Great Bearings,"3,548",4.1 out of 5 stars,M.R.P: ,https://www.amazon.in/s?k=skf+bearing
B000EYFHQE,SKF,"19,353",4.0 out of 5 stars,M.R.P: ,https://www.amazon.in/s?k=skf+bearing
